#airframe_info, log_version="1.00", airframe_name="Diamond DA42NG", unit_software_part_number="006-B0319-C2", unit_software_version="14.02", system_software_part_number="010-00670-12", system_id="2D4736DD3", mode=NORMAL, 
#yyy-mm-dd, hh:mm:ss,   hh:mm,  ident,      degrees,      degrees, ft Baro,  inch,  ft msl, deg C,     kt,     kt,     fpm,    deg,    deg,      G,      G,   deg,   deg, volts, volts,   gals,   gals,      gph,      psi,   deg F,     psi,    rpm,       %,      gph,       psi,   deg F,       psi,    rpm,       %,  ft wgs,  kt, enum,    deg,    MHz,    MHz,     MHz,     MHz,    fsd,    fsd,     kt,   deg,     nm,    deg,    deg,   bool,  enum,   enum,   deg,   deg,   fpm,   enum,   mt,    mt,     mt,    mt,     mt
  Lcl Date, Lcl Time, UTCOfst, AtvWpt,     Latitude,    Longitude,    AltB, BaroA,  AltMSL,   OAT,    IAS, GndSpd,    VSpd,  Pitch,   Roll,  LatAc, NormAc,   HDG,   TRK, volt1, volt2,  FQtyL,  FQtyR, E1 FFlow, E1 FPres, E1 OilT, E1 OilP, E1 RPM, E1 %Pwr, E2 FFlow,  E2 FPres, E2 OilT,   E2 OilP, E2 RPM, E2 %Pwr,  AltGPS, TAS, HSIS,    CRS,   NAV1,   NAV2,    COM1,    COM2,   HCDI,   VCDI, WndSpd, WndDr, WptDst, WptBrg, MagVar, AfcsOn, RollM, PitchM, RollC, PichC, VSpdG, GPSfix,  HAL,   VAL, HPLwas, HPLfd, VPLwas
          ,         ,        ,       ,             ,             ,        , 29.73,        ,      ,   0.00,       ,        ,       ,       ,       ,       ,      ,      ,      ,      ,       ,       ,         ,         ,        ,        ,       ,        ,         ,          ,        ,          ,       ,        ,        ,    ,  GPS,  194.5, 111.70, 111.70, 123.000, 123.000,       ,       ,       ,      ,       ,       ,  -12.4,       ,      ,       ,      ,      ,      , NoSoln, 3704,      ,       ,      ,       
          ,         ,        ,       ,             ,             ,        , 29.73,        ,      ,   0.00,       ,        ,       ,       ,       ,       ,      ,      ,      ,      ,       ,       ,         ,         ,        ,        ,       ,        ,         ,          ,        ,          ,       ,        ,        ,    ,  GPS,  194.5, 111.70, 111.70, 123.000, 123.000,       ,       ,       ,      ,       ,       ,  -12.4,       ,      ,       ,      ,      ,      , NoSoln, 3704,      ,       ,      ,       
          ,         ,        ,       ,             ,             ,        , 29.73,        ,      ,   0.00,       ,        ,       ,       ,       ,       ,      ,      ,      ,      ,       ,       ,         ,         ,        ,        ,       ,        ,         ,          ,        ,          ,       ,        ,        ,    ,  GPS,  194.5, 111.70, 111.70, 123.000, 123.000,       ,       ,       ,      ,       ,       ,  -12.4,       ,      ,       ,      ,      ,      , NoSoln, 3704,      ,       ,      ,       
          ,         ,        ,       ,             ,             ,        , 29.73,        ,      ,   0.00,       ,        ,       ,       ,       ,       ,      ,      ,      ,      ,       ,       ,         ,         ,        ,        ,       ,        ,         ,          ,        ,          ,       ,        ,        ,    ,  GPS,  194.5, 111.70, 111.70, 123.000, 123.000,       ,       ,       ,      ,       ,       ,  -12.4,       ,      ,       ,      ,      ,      , NoSoln, 3704,      ,       ,      ,       
          ,         ,        ,       ,             ,             ,        , 29.73,        ,      ,   0.00,       ,        ,       ,       ,       ,       ,      ,      ,      ,      ,       ,       ,         ,         ,        ,        ,       ,        ,         ,          ,        ,          ,       ,        ,        ,    ,  GPS,  194.5, 111.70, 111.70, 123.000, 123.000,       ,       ,       ,      ,       ,       ,  -12.4,       ,      ,       ,      ,      ,      , NoSoln, 3704,      ,       ,      ,       
          ,         ,        ,       ,             ,             ,        , 29.73,        ,      ,   0.00,       ,        ,       ,       ,       ,       ,      ,      ,      ,      ,       ,       ,         ,         ,        ,        ,       ,        ,         ,          ,        ,          ,       ,        ,        ,    ,  GPS,  194.5, 111.70, 111.70, 123.000, 123.000,       ,       ,       ,      ,       ,       ,  -12.4,       ,      ,       ,      ,      ,      , NoSoln, 3704,      ,       ,      ,       
          ,         ,        ,       ,             ,             ,        , 29.73,        ,      ,   0.00,       ,        ,       ,       ,       ,       ,      ,      ,      ,      ,       ,       ,         ,         ,        ,        ,       ,        ,         ,          ,        ,          ,       ,        ,        ,    ,  GPS,  194.5, 111.70, 111.70, 123.000, 123.000,       ,       ,       ,      ,       ,       ,  -12.4,       ,      ,       ,      ,      ,      , NoSoln, 3704,      ,       ,      ,       
2026-06-12, 10:22:46,  -04:00,       ,             ,             ,        , 29.73,        ,      ,   0.00,       ,        ,       ,       ,       ,       ,      ,      ,      ,      ,       ,       ,         ,         ,        ,        ,       ,        ,         ,          ,        ,          ,       ,        ,        ,    ,  GPS,  194.5, 111.70, 111.70, 123.000, 123.000,       ,       ,       ,      ,       ,       ,  -12.4,      0,  NONE,   NONE,      ,      ,      , NoSoln, 1852,     0,       ,      ,       
2026-06-12, 10:22:47,  -04:00,       ,             ,             ,        , 29.73,        ,      ,   0.00,       ,        ,       ,       ,       ,       ,      ,      ,      ,      ,       ,       ,         ,         ,        ,        ,       ,        ,         ,          ,        ,          ,       ,        ,        ,    ,  GPS,  194.5, 111.70, 111.70, 123.000, 123.000,       ,       ,       ,      ,       ,       ,  -12.4,      0,  NONE,   NONE,      ,      ,      , NoSoln, 1852,     0,       ,      ,       
2026-06-12, 10:22:48,  -04:00,       ,             ,             ,        , 29.73,        ,      ,   0.00,       ,        ,       ,       ,       ,       ,      ,      ,      ,      ,       ,       ,         ,         ,        ,        ,       ,        ,         ,          ,        ,          ,       ,        ,        ,    ,  GPS,  194.5, 111.70, 111.70, 123.000, 123.000,       ,       ,       ,      ,       ,       ,  -12.4,      0,  NONE,   NONE,      ,      ,      , NoSoln, 1852,     0,       ,      ,       
2026-06-12, 10:22:49,  -04:00,       ,             ,             ,        , 29.73,        ,      ,   0.00,       ,        ,       ,       ,       ,       ,      ,      ,  24.7,  24.7,       ,       ,         ,         ,        ,        ,       ,        ,         ,          ,        ,          ,       ,        ,        ,   0,  GPS,  194.5, 111.70, 111.70, 123.000, 123.000,       ,       ,       ,      ,       ,       ,  -12.4,      0,  NONE,   NONE,      ,      ,      , NoSoln, 1852,     0,       ,      ,       
2026-06-12, 10:22:50,  -04:00,       ,             ,             ,   -10.3, 29.73,        ,      ,   0.00,       ,        ,       ,       ,       ,       ,      ,      ,  24.7,  24.7,  19.70,       ,         ,         ,        ,        ,       ,        ,         ,          ,        ,          ,       ,        ,        ,   0,  GPS,  194.5, 111.70, 111.70, 123.000, 123.000,       ,       ,       ,      ,       ,       ,  -12.4,      0,  NONE,   NONE,      ,      ,      , NoSoln, 1852,     0,       ,      ,       
2026-06-12, 10:22:51,  -04:00,       ,             ,             ,   -10.3, 29.73,        ,      ,   0.00,       ,        ,       ,       ,       ,       ,      ,      ,  24.7,  24.7,  19.70,       ,         ,         ,        ,        ,       ,        ,         ,          ,        ,          ,       ,        ,        ,   0,  GPS,  194.5, 111.70, 111.70, 123.000, 123.000,       ,       ,       ,      ,       ,       ,  -12.4,      0,  NONE,   NONE,      ,      ,      , NoSoln, 3704,      ,       ,      ,       
2026-06-12, 10:22:52,  -04:00,       ,             ,             ,   -10.3, 29.73,        ,      ,   0.00,       ,        ,       ,       ,       ,       ,      ,      ,      ,      ,  19.70,       ,         ,         ,        ,        ,       ,        ,         ,          ,        ,          ,       ,        ,        ,   0,  GPS,  194.5, 111.70, 111.70, 123.000, 123.000,       ,       ,       ,      ,       ,       ,  -12.4,      0,  NONE,   NONE,      ,      ,      , NoSoln, 3704,      ,       ,      ,       
2026-06-12, 10:22:55,  -04:00,       ,             ,             ,   -10.3, 29.73,        ,  29.5,   0.00,       ,        ,       ,       ,       ,       ,      ,      ,      ,      ,  19.70,       ,         ,         ,        ,        ,       ,        ,         ,          ,        ,          ,       ,        ,        ,   0,  GPS,  194.5, 111.70, 111.70, 123.000, 123.000,       ,       ,       ,      ,       ,       ,  -12.4,      0,  NONE,   NONE,      ,      ,      , NoSoln, 3704,      ,       ,      ,       
2026-06-12, 10:22:56,  -04:00,       ,             ,             ,   -10.3, 29.73,        ,  29.5,   0.00,       ,        ,       ,       ,       ,       ,      ,      ,  24.7,  24.7,       ,       ,         ,         ,        ,        ,       ,        ,         ,          ,        ,          ,       ,        ,        ,   0,  GPS,  194.5, 111.70, 111.70, 123.000, 123.000,       ,       ,       ,      ,       ,       ,  -12.4,      0,  NONE,   NONE,      ,      ,      , NoSoln, 3704,      ,       ,      ,       
2026-06-12, 10:22:57,  -04:00,       ,             ,             ,   -10.3, 29.73,        ,  29.5,   0.00,       ,        ,       ,       ,       ,       ,      ,      ,  24.7,  24.7,  19.70,  20.25,         ,         ,        ,        ,       ,        ,         ,          ,        ,          ,       ,        ,        ,   0,  GPS,  194.5, 111.70, 111.70, 123.000, 123.000,       ,       ,       ,      ,       ,       ,  -12.4,      0,  NONE,   NONE,      ,      ,      , NoSoln, 3704,      ,       ,      ,       
2026-06-12, 10:22:58,  -04:00,       ,             ,             ,   -10.3, 29.73,        ,  29.5,   0.00,       ,        ,       ,       ,       ,       ,      ,      ,  24.8,  24.8,  19.70,  20.25,         ,         ,        ,        ,       ,        ,         ,          ,        ,          ,       ,        ,        ,   0,  GPS,  194.5, 111.70, 111.70, 123.000, 123.000,       ,       ,       ,      ,       ,       ,  -12.4,      0,  NONE,   NONE,      ,      ,      , NoSoln, 3704,      ,       ,      ,       
2026-06-12, 10:22:59,  -04:00,       ,             ,             ,    -9.3, 29.73,        ,  29.5,   0.00,       ,    0.75,       ,       ,       ,       ,      ,      ,  24.8,  24.8,  19.70,  20.25,         ,         ,        ,        ,       ,        ,         ,          ,        ,          ,       ,        ,        ,   0,  GPS,  194.5, 111.70, 111.70, 123.000, 123.000,       ,       ,       ,      ,       ,       ,  -12.4,      0,  NONE,   NONE,      ,      ,      , NoSoln, 3704,      ,       ,      ,       
2026-06-12, 10:23:00,  -04:00,       ,             ,             ,    -9.3, 29.73,        ,  29.5,   0.00,       ,    3.66,       ,       ,       ,       ,      ,      ,  24.7,  24.7,  19.70,  20.25,         ,         ,        ,        ,       ,        ,         ,          ,        ,          ,       ,        ,        ,   0,  GPS,  194.5, 111.70, 111.70, 123.000, 123.000,       ,       ,       ,      ,       ,       ,  -12.4,      0,  NONE,   NONE,      ,      ,      , NoSoln, 3704,      ,       ,      ,       
2026-06-12, 10:23:01,  -04:00,       ,             ,             ,    -9.3, 29.73,        ,  29.5,   0.00,       ,    6.76,       ,       ,       ,       ,      ,      ,  24.7,  24.7,  19.70,  20.25,         ,         ,        ,        ,       ,        ,         ,          ,        ,          ,       ,        ,        ,   0,  GPS,  194.5, 111.70, 111.70, 123.000, 123.000,       ,       ,       ,      ,       ,       ,  -12.4,      0,  NONE,   NONE,      ,      ,      , NoSoln, 3704,      ,       ,      ,       
2026-06-12, 10:23:02,  -04:00,       ,             ,             ,   -10.3, 29.73,        ,  29.5,   0.00,       ,    6.88,       ,       ,       ,       ,      ,      ,  24.7,  24.7,  19.70,  20.25,         ,         ,        ,        ,       ,        ,         ,          ,        ,          ,       ,        ,        ,   0,  GPS,  194.5, 111.70, 111.70, 123.000, 123.000,       ,       ,       ,      ,       ,       ,  -12.4,      0,  NONE,   NONE,      ,      ,      , NoSoln, 3704,      ,       ,      ,       
2026-06-12, 10:23:03,  -04:00,       ,             ,             ,    -9.3, 29.73,        ,  29.5,   0.00,       ,    5.37,       ,       ,       ,       ,      ,      ,  24.8,  24.8,  19.70,  20.25,         ,         ,        ,        ,       ,        ,         ,          ,        ,          ,       ,        ,        ,   0,  GPS,  194.5, 111.70, 111.70, 123.000, 123.000,       ,       ,       ,      ,       ,       ,  -12.4,      0,  NONE,   NONE,      ,      ,      , NoSoln, 3704,      ,       ,      ,       
2026-06-12, 10:23:04,  -04:00,       ,             ,             ,    -9.3, 29.73,        ,  29.5,   0.00,       ,    3.75,       ,       ,       ,       ,      ,      ,  24.8,  24.8,  19.70,  20.25,         ,         ,        ,        ,       ,        ,         ,          ,        ,          ,       ,        ,        ,   0,  GPS,  194.5, 111.70, 111.70, 123.000, 123.000,       ,       ,       ,      ,       ,       ,  -12.4,      0,  NONE,   NONE,      ,      ,      , NoSoln, 3704,      ,       ,      ,       
2026-06-12, 10:23:05,  -04:00,       ,             ,             ,    -9.3, 29.73,        ,  29.5,   0.00,       ,    2.41,       ,       ,       ,       ,      ,      ,  24.7,  24.7,  19.70,  20.25,         ,         ,        ,        ,       ,        ,         ,          ,        ,          ,       ,        ,        ,   0,  GPS,  194.5, 111.70, 111.70, 123.000, 123.000,       ,       ,       ,      ,       ,       ,  -12.4,      0,  NONE,   NONE,      ,      ,      , NoSoln, 3704,      ,       ,      ,       
2026-06-12, 10:23:06,  -04:00,       ,             ,             ,    -9.3, 29.73,        ,  29.5,   0.00,       ,    1.56,       ,       ,       ,       ,      ,      ,  24.7,  24.7,  19.70,  20.25,         ,         ,        ,        ,       ,        ,         ,          ,        ,          ,       ,        ,        ,   0,  GPS,  194.5, 111.70, 111.70, 123.000, 123.000,       ,       ,       ,      ,       ,       ,  -12.4,      0,  NONE,   NONE,      ,      ,      , NoSoln, 3704,      ,       ,      ,       
2026-06-12, 10:23:07,  -04:00,       ,             ,             ,    -9.3, 29.73,        ,  29.5,   0.00,       ,    0.96,       ,       ,       ,       ,      ,      ,  24.8,  24.8,  19.70,  20.25,         ,         ,        ,        ,       ,        ,         ,          ,        ,          ,       ,        ,        ,   0,  GPS,  194.5, 111.70, 111.70, 123.000, 123.000,       ,       ,       ,      ,       ,       ,  -12.4,      0,  NONE,   NONE,      ,      ,      , NoSoln, 3704,      ,       ,      ,       
2026-06-12, 10:23:08,  -04:00,       ,             ,             ,    -9.3, 29.73,        ,  29.5,   0.00,       ,    0.62,       ,       ,       ,       ,      ,      ,  24.8,  24.8,  19.70,  20.25,         ,         ,        ,        ,       ,        ,         ,          ,        ,          ,       ,        ,        ,   0,  GPS,  194.5, 111.70, 111.70, 123.000, 123.000,       ,       ,       ,      ,       ,       ,  -12.4,      0,  NONE,   NONE,      ,      ,      , NoSoln, 3704,      ,       ,      ,       
2026-06-12, 10:23:09,  -04:00,       ,             ,             ,    -9.3, 29.73,        ,  29.5,   0.00,       ,    0.69,       ,       ,       ,       ,      ,      ,  24.8,  24.8,  19.70,  20.25,         ,         ,        ,        ,       ,        ,         ,          ,        ,          ,       ,        ,        ,   0,  GPS,  194.5, 111.70, 111.70, 123.000, 123.000,       ,       ,       ,      ,       ,       ,  -12.4,      0,  NONE,   NONE,      ,      ,      , NoSoln, 3704,      ,       ,      ,       
2026-06-12, 10:23:10,  -04:00,       ,             ,             ,    -9.3, 29.73,        ,  29.5,   0.00,       ,    1.26,       ,       ,       ,       ,      ,      ,  24.7,  24.7,  19.70,  20.25,         ,         ,        ,        ,       ,        ,         ,          ,        ,          ,       ,        ,        ,   0,  GPS,  194.5, 111.70, 111.70, 123.000, 123.000,       ,       ,       ,      ,       ,       ,  -12.4,      0,  NONE,   NONE,      ,      ,      , NoSoln, 3704,      ,       ,      ,       
2026-06-12, 10:23:11,  -04:00,       ,             ,             ,    -9.3, 29.73,        ,  29.5,   0.00,       ,    2.06,       ,       ,       ,       ,      ,      ,  24.7,  24.7,  19.70,  20.25,         ,         ,        ,        ,       ,        ,         ,          ,        ,          ,       ,        ,        ,   0,  GPS,  194.5, 111.70, 111.70, 123.000, 123.000,       ,       ,       ,      ,       ,       ,  -12.4,      0,  NONE,   NONE,      ,      ,      , NoSoln, 3704,      ,       ,      ,       
2026-06-12, 10:23:12,  -04:00,       ,             ,             ,    -9.3, 29.73,        ,  29.5,   0.00,       ,    1.82,       ,       ,       ,       ,      ,      ,  24.8,  24.8,  19.70,  20.25,         ,         ,        ,        ,       ,        ,         ,          ,        ,          ,       ,        ,        ,   0,  GPS,  194.5, 111.70, 111.70, 123.000, 123.000,       ,       ,       ,      ,       ,       ,  -12.4,      0,  NONE,   NONE,      ,      ,      , NoSoln, 3704,      ,       ,      ,       
2026-06-12, 10:23:13,  -04:00,       ,             ,             ,    -9.3, 29.73,        ,  29.5,   0.00,       ,    1.35,       ,       ,       ,       ,      ,      ,  24.8,  24.8,  19.70,  20.25,         ,         ,        ,        ,       ,        ,         ,          ,        ,          ,       ,        ,        ,   0,  GPS,  194.5, 111.70, 111.70, 123.000, 123.000,       ,       ,       ,      ,       ,       ,  -12.4,      0,  NONE,   NONE,      ,      ,      , NoSoln, 3704,      ,       ,      ,       
2026-06-12, 10:23:14,  -04:00,       ,             ,             ,    -9.3, 29.73,        ,  29.5,   0.00,       ,    0.91,       ,       ,       ,       ,      ,      ,  24.7,  24.7,  19.70,  20.25,         ,         ,        ,        ,       ,        ,         ,          ,        ,          ,       ,        ,        ,   0,  GPS,  194.5, 111.70, 111.70, 123.000, 123.000,       ,       ,       ,      ,       ,       ,  -12.4,      0,  NONE,   NONE,      ,      ,      , NoSoln, 3704,      ,       ,      ,       
2026-06-12, 10:23:15,  -04:00,       ,             ,             ,    -9.3, 29.73,        ,  29.5,   0.00,       ,    0.59,       ,       ,       ,       ,      ,      ,  24.7,  24.7,  19.70,  20.25,         ,         ,        ,        ,       ,        ,         ,          ,        ,          ,       ,        ,        ,   0,  GPS,  194.5, 111.70, 111.70, 123.000, 123.000,       ,       ,       ,      ,       ,       ,  -12.4,      0,  NONE,   NONE,      ,      ,      , NoSoln, 3704,      ,       ,      ,       
2026-06-12, 10:23:16,  -04:00,       ,             ,             ,    -9.3, 29.73,        ,  29.5,   0.00,       ,    0.57,       ,       ,       ,       ,      ,      ,  24.8,  24.8,  19.70,  20.25,         ,         ,        ,        ,       ,        ,         ,          ,        ,          ,       ,        ,        ,   0,  GPS,  194.5, 111.70, 111.70, 123.000, 123.000,       ,       ,       ,      ,       ,       ,  -12.4,      0,  NONE,   NONE,      ,      ,      , NoSoln, 3704,      ,       ,      ,       
2026-06-12, 10:23:17,  -04:00,       ,             ,             ,    -9.3, 29.73,        ,  29.5,   0.00,       ,    0.95,       ,       ,       ,       ,      ,      ,  24.8,  24.8,  19.70,  20.25,         ,         ,        ,        ,       ,        ,         ,          ,        ,          ,       ,        ,        ,   0,  GPS,  194.5, 111.70, 111.70, 123.000, 123.000,       ,       ,       ,      ,       ,       ,  -12.4,      0,  NONE,   NONE,      ,      ,      , NoSoln, 3704,      ,       ,      ,       
2026-06-12, 10:23:18,  -04:00,       ,             ,             ,    -9.3, 29.73,        ,  29.5,   0.00,       ,    0.84,       ,       ,       ,       ,      ,      ,  24.8,  24.8,  19.70,  20.25,         ,         ,        ,        ,       ,        ,         ,          ,        ,          ,       ,        ,        ,   0,  GPS,  194.5, 111.70, 111.70, 123.000, 123.000,       ,       ,       ,      ,       ,       ,  -12.4,      0,  NONE,   NONE,      ,      ,      , NoSoln, 3704,      ,       ,      ,       
2026-06-12, 10:23:19,  -04:00,       ,             ,             ,    -8.3, 29.73,        ,  29.5,   0.00,       ,    0.64,       ,       ,       ,       ,      ,      ,  24.7,  24.7,  19.70,  20.25,         ,         ,        ,        ,       ,        ,         ,          ,        ,          ,       ,        ,        ,   0,  GPS,  194.5, 111.70, 111.70, 123.000, 123.000,       ,       ,       ,      ,       ,       ,  -12.4,      0,  NONE,   NONE,      ,      ,      , NoSoln, 3704,      ,       ,      ,       
2026-06-12, 10:23:20,  -04:00,       ,             ,             ,    -9.3, 29.73,        ,  29.5,   0.00,       ,    1.52,       ,       ,       ,       ,      ,      ,  24.7,  24.7,  19.70,  20.25,         ,         ,        ,        ,       ,        ,         ,          ,        ,          ,       ,        ,        ,   0,  GPS,  194.5, 111.70, 111.70, 123.000, 123.000,       ,       ,       ,      ,       ,       ,  -12.4,      0,  NONE,   NONE,      ,      ,      , NoSoln, 3704,      ,       ,      ,       
2026-06-12, 10:23:21,  -04:00,       ,             ,             ,    -8.3, 29.73,        ,  29.5,   0.00,       ,    1.57,       ,       ,       ,       ,      ,      ,  24.8,  24.8,  19.70,  20.25,         ,         ,        ,        ,       ,        ,         ,          ,        ,          ,       ,        ,        ,   0,  GPS,  194.5, 111.70, 111.70, 123.000, 123.000,       ,       ,       ,      ,       ,       ,  -12.4,      0,  NONE,   NONE,      ,      ,      , NoSoln, 3704,      ,       ,      ,       
2026-06-12, 10:23:22,  -04:00,       ,             ,             ,    -8.3, 29.73,        ,  29.5,   0.00,       ,    1.24,       ,       ,       ,       ,      ,      ,  24.8,  24.8,  19.70,  20.25,         ,         ,        ,        ,       ,        ,         ,          ,        ,          ,       ,        ,        ,   0,  GPS,  194.5, 111.70, 111.70, 123.000, 123.000,       ,       ,       ,      ,       ,       ,  -12.4,      0,  NONE,   NONE,      ,      ,      , NoSoln, 3704,      ,       ,      ,       
2026-06-12, 10:23:23,  -04:00,       ,             ,             ,    -8.3, 29.73,        ,  29.5,   0.00,       ,    0.85,       ,       ,       ,       ,      ,      ,  24.8,  24.8,  19.70,  20.25,         ,         ,        ,        ,       ,        ,         ,          ,        ,          ,       ,        ,        ,   0,  GPS,  194.5, 111.70, 111.70, 123.000, 123.000,       ,       ,       ,      ,       ,       ,  -12.4,      0,  NONE,   NONE,      ,      ,      , NoSoln, 3704,      ,       ,      ,       
2026-06-12, 10:23:24,  -04:00,       ,             ,             ,    -8.3, 29.73,        ,  29.5,   0.00,       ,    0.57,       ,       ,       ,       ,      ,      ,  24.7,  24.7,  19.70,  20.25,         ,         ,        ,        ,       ,        ,         ,          ,        ,          ,       ,        ,        ,   0,  GPS,  194.5, 111.70, 111.70, 123.000, 123.000,       ,       ,       ,      ,       ,       ,  -12.4,      0,  NONE,   NONE,      ,      ,      , NoSoln, 3704,      ,       ,      ,       
2026-06-12, 10:23:25,  -04:00,       ,             ,             ,    -9.3, 29.73,        ,  29.5,   0.00,       ,   -0.23,       ,       ,       ,       ,      ,      ,  24.8,  24.8,  19.70,  20.25,         ,         ,        ,        ,       ,        ,         ,          ,        ,          ,       ,        ,        ,   0,  GPS,  194.5, 111.70, 111.70, 123.000, 123.000,       ,       ,       ,      ,       ,       ,  -12.4,      0,  NONE,   NONE,      ,      ,      , NoSoln, 3704,      ,       ,      ,       
2026-06-12, 10:23:26,  -04:00,       ,             ,             ,    -8.3, 29.73,        ,  29.5,   0.00,       ,   -1.16,       ,       ,       ,       ,      ,      ,  24.8,  24.8,  19.70,  20.25,         ,         ,        ,        ,       ,        ,         ,          ,        ,          ,       ,        ,        ,   0,  GPS,  194.5, 111.70, 111.70, 123.000, 123.000,       ,       ,       ,      ,       ,       ,  -12.4,      0,  NONE,   NONE,      ,      ,      , NoSoln, 3704,      ,       ,      ,       
2026-06-12, 10:23:27,  -04:00,       ,             ,             ,    -8.3, 29.73,        ,  29.5,   0.00,       ,    0.10,   2.18,  -0.56,   0.01,  -0.00, 356.1,      ,  24.8,  24.8,  19.70,  20.25,         ,         ,        ,        ,       ,        ,         ,          ,        ,          ,       ,        ,        ,   0,  GPS,  194.5, 111.70, 111.70, 123.000, 123.000,       ,       ,       ,      ,       ,       ,  -12.4,      0,  NONE,   NONE,      ,      ,      , NoSoln, 3704,      ,       ,      ,       
2026-06-12, 10:23:28,  -04:00,       ,             ,             ,    -8.3, 29.73,        ,  29.5,   0.00,       ,    0.48,   2.16,  -0.55,   0.01,   0.00, 356.1,      ,  24.7,  24.7,  19.70,  20.25,         ,         ,        ,        ,       ,        ,         ,          ,        ,          ,       ,        ,        ,   0,  GPS,  194.5, 111.70, 111.70, 123.000, 123.000,       ,       ,       ,      ,       ,       ,  -12.4,      0,  NONE,   NONE,      ,      ,      , NoSoln, 3704,      ,       ,      ,       
2026-06-12, 10:23:29,  -04:00,       ,             ,             ,    -8.3, 29.73,        ,  29.5,   0.00,       ,    0.48,   2.15,  -0.55,   0.01,  -0.00, 356.1,      ,  24.5,  24.5,  19.70,  20.25,         ,         ,        ,        ,       ,        ,         ,          ,        ,          ,       ,        ,        ,   0,  GPS,  194.5, 111.70, 111.70, 123.000, 123.000,       ,       ,       ,      ,       ,       ,  -12.4,      0,  NONE,   NONE,      ,      ,      , NoSoln, 3704,      ,       ,      ,       
2026-06-12, 10:23:30,  -04:00,       ,             ,             ,    -8.3, 29.73,        ,  29.5,   0.00,       ,    0.37,   2.15,  -0.56,   0.01,   0.00, 356.1,      ,  24.6,  24.6,  19.70,  20.25,         ,         ,        ,        ,       ,        ,         ,          ,        ,          ,       ,        ,        ,   0,  GPS,  194.5, 111.70, 111.70, 123.000, 123.000,       ,       ,       ,      ,       ,       ,  -12.4,      0,  NONE,   NONE,      ,      ,      , NoSoln, 3704,      ,       ,      ,       
2026-06-12, 10:23:31,  -04:00,       ,             ,             ,    -8.3, 29.73,        ,  29.5,   0.00,       ,    0.26,   2.15,  -0.56,   0.01,  -0.00, 356.1,      ,  24.6,  24.6,  19.71,  20.25,         ,         ,        ,        ,       ,        ,         ,          ,        ,          ,       ,        ,        ,   0,  GPS,  194.5, 111.70, 111.70, 123.000, 123.000,       ,       ,       ,      ,       ,       ,  -12.4,      0,  NONE,   NONE,      ,      ,      , NoSoln, 3704,      ,       ,      ,       
2026-06-12, 10:23:32,  -04:00,       ,             ,             ,    -8.3, 29.73,        ,  29.5,   0.00,       ,    0.17,   2.16,  -0.56,   0.01,  -0.00, 356.1,      ,  24.5,  24.5,  19.71,  20.25,         ,         ,        ,        ,       ,        ,         ,          ,        ,          ,       ,        ,        ,   0,  GPS,  194.5, 111.70, 111.70, 123.000, 123.000,       ,       ,       ,      ,       ,       ,  -12.4,      0,  NONE,   NONE,      ,      ,      , NoSoln, 3704,      ,       ,      ,       
2026-06-12, 10:23:33,  -04:00,       ,             ,             ,    -8.3, 29.73,        ,  29.5,   0.00,       ,    0.11,   2.16,  -0.56,   0.01,  -0.00, 356.1,      ,  24.5,  24.5,  19.72,  20.25,         ,         ,        ,        ,       ,        ,         ,          ,        ,          ,       ,        ,        ,   0,  GPS,  194.5, 111.70, 111.70, 123.000, 123.000,       ,       ,       ,      ,       ,       ,  -12.4,      0,  NONE,   NONE,      ,      ,      , NoSoln, 3704,      ,       ,      ,       
2026-06-12, 10:23:34,  -04:00,       ,             ,             ,    -8.3, 29.73,        ,  29.5,   0.00,       ,    0.37,   2.18,  -0.56,   0.01,  -0.00, 356.1,      ,  24.5,  24.5,  19.72,  20.25,         ,         ,        ,        ,       ,        ,         ,          ,        ,          ,       ,        ,        ,   0,  GPS,  194.5, 111.70, 111.70, 123.000, 123.000,       ,       ,       ,      ,       ,       ,  -12.4,      0,  NONE,   NONE,      ,      ,      , NoSoln, 3704,      ,       ,      ,       
2026-06-12, 10:23:35,  -04:00,       ,             ,             ,    -8.3, 29.73,        ,  29.5,   0.00,       ,    2.66,   2.19,  -0.55,   0.01,  -0.00, 356.1,      ,  24.5,  24.5,  19.73,  20.26,         ,         ,        ,        ,       ,        ,         ,          ,        ,          ,       ,        ,        ,   0,  GPS,  194.5, 111.70, 111.70, 123.000, 123.000,       ,       ,       ,      ,       ,       ,  -12.4,      0,  NONE,   NONE,      ,      ,      , NoSoln, 3704,      ,       ,      ,       
2026-06-12, 10:23:36,  -04:00,       ,             ,             ,    -8.3, 29.73,        ,  29.5,   0.00,       ,    4.34,   2.20,  -0.54,   0.01,   0.00, 356.1,      ,  24.7,  24.7,  19.74,  20.26,         ,         ,        ,        ,       ,        ,         ,          ,        ,          ,       ,        ,        ,   0,  GPS,  194.5, 111.70, 111.70, 123.000, 123.000,       ,       ,       ,      ,       ,       ,  -12.4,      0,  NONE,   NONE,      ,      ,      , NoSoln, 3704,      ,       ,      ,       
2026-06-12, 10:23:37,  -04:00,       ,             ,             ,    -8.3, 29.73,        ,  29.5,   0.00,       ,    4.42,   2.22,  -0.53,   0.01,   0.00, 356.1,      ,  24.7,  24.7,  19.75,  20.27,         ,         ,        ,        ,       ,        ,         ,          ,        ,          ,       ,        ,        ,   0,  GPS,  194.5, 111.70, 111.70, 123.000, 123.000,       ,       ,       ,      ,       ,       ,  -12.4,      0,  NONE,   NONE,      ,      ,      , NoSoln, 3704,      ,       ,      ,       
2026-06-12, 10:23:38,  -04:00,       ,             ,             ,    -8.3, 29.73,        ,  29.5,   0.00,       ,    3.47,   2.23,  -0.54,   0.01,  -0.00, 356.1,      ,  24.7,  24.7,  19.75,  20.27,         ,         ,        ,        ,       ,        ,         ,          ,        ,          ,       ,        ,        ,   0,  GPS,  194.5, 111.70, 111.70, 123.000, 123.000,       ,       ,       ,      ,       ,       ,  -12.4,      0,  NONE,   NONE,      ,      ,      , NoSoln, 3704,      ,       ,      ,       
2026-06-12, 10:23:39,  -04:00,       ,             ,             ,    -8.3, 29.73,        ,  29.5,   0.00,       ,    2.43,   2.24,  -0.54,   0.01,  -0.00, 356.1,      ,  24.8,  24.8,  19.76,  20.28,         ,         ,        ,        ,       ,        ,         ,          ,        ,          ,       ,        ,        ,   0,  GPS,  194.5, 111.70, 111.70, 123.000, 123.000,       ,       ,       ,      ,       ,       ,  -12.4,      0,  NONE,   NONE,      ,      ,      , NoSoln, 3704,      ,       ,      ,       
2026-06-12, 10:23:40,  -04:00,       ,             ,             ,    -8.3, 29.73,        ,  29.5,   0.00,       ,    1.60,   2.22,  -0.55,   0.02,  -0.00, 356.1,      ,  24.6,  24.6,  19.76,  20.28,         ,         ,        ,        ,       ,        ,         ,          ,        ,          ,       ,        ,        ,   0,  GPS,  194.5, 111.70, 111.70, 123.000, 123.000,       ,       ,       ,      ,       ,       ,  -12.4,      0,  NONE,   NONE,      ,      ,      , NoSoln, 3704,      ,       ,      ,       
2026-06-12, 10:23:41,  -04:00,       ,             ,             ,    -8.3, 29.73,        ,  29.5,   0.00,       ,    1.01,   2.20,  -0.56,   0.01,  -0.00, 356.1,      ,  24.4,  24.4,  19.77,  20.29,         ,         ,        ,        ,       ,        ,         ,          ,        ,          ,       ,        ,        ,   0,  GPS,  194.5, 111.70, 111.70, 123.000, 123.000,       ,       ,       ,      ,       ,       ,  -12.4,      0,  NONE,   NONE,      ,      ,      , NoSoln, 3704,      ,       ,      ,       
2026-06-12, 10:23:42,  -04:00,       ,             ,             ,    -8.3, 29.73,        ,  29.5,   0.00,       ,    0.61,   2.22,  -0.55,   0.01,   0.01, 356.1,      ,  24.3,  24.3,  19.77,  20.29,         ,         ,        ,        ,       ,        ,         ,          ,        ,          ,       ,        ,        ,   0,  GPS,  194.5, 111.70, 111.70, 123.000, 123.000,       ,       ,       ,      ,       ,       ,  -12.4,      0,  NONE,   NONE,      ,      ,      , NoSoln, 3704,      ,       ,      ,       
2026-06-12, 10:23:43,  -04:00,       ,             ,             ,    -8.3, 29.73,        ,  29.5,   0.00,       ,    0.37,   2.27,  -0.55,   0.02,   0.01, 356.2,      ,  24.4,  24.4,  19.78,  20.29,         ,         ,        ,        ,       ,        ,         ,          ,        ,          ,       ,        ,        ,   0,  GPS,  194.5, 111.70, 111.70, 123.000, 123.000,       ,       ,       ,      ,       ,       ,  -12.4,      0,  NONE,   NONE,      ,      ,      , NoSoln, 3704,      ,       ,      ,       
2026-06-12, 10:23:44,  -04:00,       ,             ,             ,    -8.3, 29.73,        ,  29.5,   0.00,       ,    0.22,   2.16,  -0.45,   0.01,   0.00, 356.2,      ,  24.4,  24.4,  19.78,  20.29,         ,         ,        ,        ,       ,        ,         ,          ,        ,          ,       ,        ,        ,   0,  GPS,  194.5, 111.70, 111.70, 123.000, 123.000,       ,       ,       ,      ,       ,       ,  -12.4,      0,  NONE,   NONE,      ,      ,      , NoSoln, 3704,      ,       ,      ,       
2026-06-12, 10:23:45,  -04:00,       ,             ,             ,    -8.3, 29.73,        ,  29.5,   0.00,       ,    0.13,   2.15,  -0.42,   0.01,   0.00, 356.2,      ,  24.4,  24.4,  19.77,  20.29,         ,         ,        ,        ,       ,        ,         ,          ,        ,          ,       ,        ,        ,   0,  GPS,  194.5, 111.70, 111.70, 123.000, 123.000,       ,       ,       ,      ,       ,       ,  -12.4,      0,  NONE,   NONE,      ,      ,      , NoSoln, 3704,      ,       ,      ,       
2026-06-12, 10:23:46,  -04:00,       ,             ,             ,    -8.3, 29.73,        ,  29.5,   0.00,       ,    0.08,   2.15,  -0.40,   0.00,  -0.00, 356.2,      ,  24.4,  24.4,  19.77,  20.30,         ,         ,        ,        ,       ,        ,         ,          ,        ,          ,       ,        ,        ,   0,  GPS,  194.5, 111.70, 111.70, 123.000, 123.000,       ,       ,       ,      ,       ,       ,  -12.4,      0,  NONE,   NONE,      ,      ,      , NoSoln, 3704,      ,       ,      ,       
2026-06-12, 10:23:47,  -04:00,       ,             ,             ,    -8.3, 29.73,        ,  29.5,   0.00,       ,    0.04,   2.16,  -0.40,   0.01,  -0.00, 356.3,      ,  24.3,  24.3,  19.76,  20.30,         ,         ,        ,        ,       ,        ,         ,          ,        ,          ,       ,        ,        ,   0,  GPS,  194.5, 111.70, 111.70, 123.000, 123.000,       ,       ,       ,      ,       ,       ,  -12.4,      0,  NONE,   NONE,      ,      ,      , NoSoln, 3704,      ,       ,      ,       
2026-06-12, 10:23:48,  -04:00,       ,             ,             ,    -8.3, 29.73,        ,  29.5,   0.00,       ,    0.02,   2.16,  -0.40,   0.01,  -0.00, 356.3,      ,  24.4,  24.4,  19.76,  20.30,         ,         ,        ,        ,       ,        ,         ,          ,        ,          ,       ,        ,        ,   0,  GPS,  194.5, 111.70, 111.70, 123.000, 123.000,       ,       ,       ,      ,       ,       ,  -12.4,      0,  NONE,   NONE,      ,      ,      , NoSoln, 3704,      ,       ,      ,       
2026-06-12, 10:23:49,  -04:00,       ,             ,             ,    -8.3, 29.73,        ,  29.5,   0.00,       ,    0.01,   2.16,  -0.38,   0.01,  -0.00, 356.3,      ,  24.4,  24.4,  19.76,  20.30,         ,         ,        ,        ,       ,        ,         ,          ,        ,          ,       ,        ,        ,   0,  GPS,  194.5, 111.70, 111.70, 123.000, 123.000,       ,       ,       ,      ,       ,       ,  -12.4,      0,  NONE,   NONE,      ,      ,      , NoSoln, 3704,      ,       ,      ,       
2026-06-12, 10:23:50,  -04:00,       ,             ,             ,    -7.3, 29.73,        ,  29.5,   0.00,       ,    0.61,   2.16,  -0.37,   0.01,   0.00, 356.3,      ,  24.4,  24.4,  19.76,  20.30,         ,         ,        ,        ,       ,        ,         ,          ,        ,          ,       ,        ,        ,   0,  GPS,  194.5, 111.70, 111.70, 123.000, 123.000,       ,       ,       ,      ,       ,       ,  -12.4,      0,  NONE,   NONE,      ,      ,      , NoSoln, 3704,      ,       ,      ,       
2026-06-12, 10:23:51,  -04:00,       ,             ,             ,    -7.3, 29.73,        ,  29.5,   0.00,       ,    3.90,   2.15,  -0.37,   0.01,  -0.00, 356.3,      ,  24.4,  24.4,  19.75,  20.31,         ,         ,        ,        ,       ,        ,         ,          ,        ,          ,       ,        ,        ,   0,  GPS,  194.5, 111.70, 111.70, 123.000, 123.000,       ,       ,       ,      ,       ,       ,  -12.4,      0,  NONE,   NONE,      ,      ,      , NoSoln, 3704,      ,       ,      ,       
2026-06-12, 10:23:52,  -04:00,       ,             ,             ,    -7.3, 29.73,        ,  29.5,   0.00,       ,    5.61,   2.15,  -0.37,   0.01,  -0.00, 356.2,      ,  24.4,  24.4,  19.75,  20.31,         ,         ,        ,        ,       ,        ,         ,          ,        ,          ,       ,        ,        ,   0,  GPS,  194.5, 111.70, 111.70, 123.000, 123.000,       ,       ,       ,      ,       ,       ,  -12.4,      0,  NONE,   NONE,      ,      ,      , NoSoln, 3704,      ,       ,      ,       
2026-06-12, 10:23:53,  -04:00,       ,             ,             ,    -7.3, 29.73,        ,  29.5,   0.00,       ,    4.84,   2.16,  -0.38,   0.01,  -0.00, 356.2,      ,  24.4,  24.4,  19.75,  20.31,         ,         ,        ,        ,       ,        ,         ,          ,        ,          ,       ,        ,        ,   0,  GPS,  194.5, 111.70, 111.70, 123.000, 123.000,       ,       ,       ,      ,       ,       ,  -12.4,      0,  NONE,   NONE,      ,      ,      , NoSoln, 3704,      ,       ,      ,       
2026-06-12, 10:23:54,  -04:00,       ,             ,             ,    -7.3, 29.73,        ,  29.5,   0.00,       ,    3.48,   2.19,  -0.40,   0.01,  -0.00, 356.2,      ,  24.4,  24.4,  19.75,  20.31,         ,         ,        ,        ,       ,        ,         ,          ,        ,          ,       ,        ,        ,   0,  GPS,  194.5, 111.70, 111.70, 123.000, 123.000,       ,       ,       ,      ,       ,       ,  -12.4,      0,  NONE,   NONE,      ,      ,      , NoSoln, 3704,      ,       ,      ,       
2026-06-12, 10:23:55,  -04:00,       ,             ,             ,    -8.3, 29.73,        ,  29.5,   0.00,       ,    2.39,   2.19,  -0.41,   0.01,  -0.00, 356.2,      ,  24.4,  24.4,  19.75,  20.31,         ,         ,        ,        ,       ,        ,         ,          ,        ,          ,       ,        ,        ,   0,  GPS,  194.5, 111.70, 111.70, 123.000, 123.000,       ,       ,       ,      ,       ,       ,  -12.4,      0,  NONE,   NONE,      ,      ,      , NoSoln, 3704,      ,       ,      ,       
2026-06-12, 10:23:56,  -04:00,       ,             ,             ,    -7.3, 29.73,        ,  29.5,   0.00,       ,    1.54,   2.19,  -0.41,   0.01,  -0.00, 356.2,      ,  24.4,  24.4,  19.75,  20.32,         ,         ,        ,        ,       ,        ,         ,          ,        ,          ,       ,        ,        ,   0,  GPS,  194.5, 111.70, 111.70, 123.000, 123.000,       ,       ,       ,      ,       ,       ,  -12.4,      0,  NONE,   NONE,      ,      ,      , NoSoln, 3704,      ,       ,      ,       
2026-06-12, 10:23:57,  -04:00,       ,             ,             ,    -8.3, 29.73,        ,  29.5,   0.00,       ,    0.96,   2.19,  -0.41,   0.01,   0.00, 356.2,      ,  24.5,  24.5,  19.75,  20.32,         ,         ,        ,        ,       ,        ,         ,          ,        ,          ,       ,        ,        ,   0,  GPS,  194.5, 111.70, 111.70, 123.000, 123.000,       ,       ,       ,      ,       ,       ,  -12.4,      0,  NONE,   NONE,      ,      ,      , NoSoln, 3704,      ,       ,      ,       
2026-06-12, 10:23:58,  -04:00,       ,             ,             ,    -8.3, 29.73,        ,  29.5,   0.00,       ,    0.24,   2.19,  -0.41,   0.01,   0.00, 356.2,      ,  24.5,  24.5,  19.75,  20.32,         ,         ,        ,        ,       ,        ,         ,          ,        ,          ,       ,        ,        ,   0,  GPS,  194.5, 111.70, 111.70, 123.000, 123.000,       ,       ,       ,      ,       ,       ,  -12.4,      0,  NONE,   NONE,      ,      ,      , NoSoln, 3704,      ,       ,      ,       
2026-06-12, 10:23:59,  -04:00,       ,             ,             ,    -8.3, 29.73,        ,  29.5,   0.00,       ,   -1.14,   2.20,  -0.41,   0.01,   0.00, 356.3,      ,  24.5,  24.5,  19.75,  20.32,         ,         ,        ,        ,       ,        ,         ,          ,        ,          ,       ,        ,        ,   0,  GPS,  194.5, 111.70, 111.70, 123.000, 123.000,       ,       ,       ,      ,       ,       ,  -12.4,      0,  NONE,   NONE,      ,      ,      , NoSoln, 3704,      ,       ,      ,       
2026-06-12, 10:24:00,  -04:00,       ,             ,             ,    -8.3, 29.73,        ,  29.5,   0.00,       ,   -1.60,   2.20,  -0.41,   0.01,  -0.00, 356.3,      ,  24.5,  24.4,  19.76,  20.32,         ,         ,        ,        ,       ,        ,         ,          ,        ,          ,       ,        ,        ,   0,  GPS,  194.5, 111.70, 111.70, 123.000, 123.000,       ,       ,       ,      ,       ,       ,  -12.4,      0,  NONE,   NONE,      ,      ,      , NoSoln, 3704,      ,       ,      ,       
2026-06-12, 10:24:01,  -04:00,       ,             ,             ,    -8.3, 29.73,        ,  29.5,   0.00,       ,   -1.38,   2.21,  -0.40,   0.01,   0.00, 356.3,      ,  24.4,  24.4,  19.76,  20.32,         ,         ,        ,        ,       ,        ,         ,          ,        ,          ,       ,        ,        ,   0,  GPS,  194.5, 111.70, 111.70, 123.000, 123.000,       ,       ,       ,      ,       ,       ,  -12.4,      0,  NONE,   NONE,      ,      ,      , NoSoln, 3704,      ,       ,      ,       
2026-06-12, 10:24:03,  -04:00,       ,   40.6170654,  -74.2403107,    -8.3, 29.73,    10.3,  29.5,   0.00,   2.78,   -1.01,   2.21,  -0.37,   0.01,   0.00, 356.3, 282.4,  24.5,  24.5,  19.76,  20.32,         ,         ,        ,        ,       ,        ,         ,          ,        ,          ,       ,        ,   -98.4,   0,  GPS,  194.5, 111.70, 111.70, 123.000, 123.000,       ,       ,       ,      ,       ,       ,  -12.4,      0,  NONE,   NONE,      ,      ,   0.0,     3D, 3704,      ,       , 130.0,       
2026-06-12, 10:24:03,  -04:00,       ,   40.6170540,  -74.2403259,    -8.3, 29.73,    10.8,  29.5,   0.00,   3.42,   -0.41,   2.21,  -0.37,   0.01,  -0.00, 356.3, 282.3,  24.5,  24.5,  19.76,  20.32,         ,         ,        ,        ,       ,        ,         ,          ,        ,          ,       ,        ,   -97.9,   0,  GPS,  194.5, 111.70, 111.70, 123.000, 123.000,       ,       ,       ,      ,       ,       ,  -12.4,      0,  NONE,   NONE,      ,      ,   0.0,     3D, 3704,      ,       , 130.0,       
2026-06-12, 10:24:05,  -04:00,       ,   40.6170578,  -74.2403488,    -8.3, 29.73,    11.1,  29.5,   0.00,   3.03,   -0.26,   2.22,  -0.37,   0.01,   0.00, 356.3, 282.5,  24.4,  24.4,  19.76,  20.32,         ,         ,        ,        ,       ,        ,         ,          ,        ,          ,       ,        ,   -97.6,   0,  GPS,  194.5, 111.70, 111.70, 123.000, 123.000,       ,       ,       ,      ,       ,       ,  -12.4,      0,  NONE,   NONE,      ,      ,   0.0,     3D, 3704,      ,       , 127.5,       
2026-06-12, 10:24:06,  -04:00,       ,   40.6170578,  -74.2403488,    -8.3, 29.73,    12.3,  29.5,   0.00,   0.00,   -1.71,   2.22,  -0.36,   0.01,   0.00, 356.3, 282.4,  24.5,  24.5,  19.76,  20.32,         ,         ,        ,        ,       ,        ,         ,          ,        ,          ,       ,        ,   -96.5,   0,  GPS,  194.5, 111.70, 111.70, 123.000, 123.000,       ,       ,       ,      ,       ,       ,  -12.4,      0,  NONE,   NONE,      ,      ,   3.9,     3D, 3704,      ,       , 127.0,       
2026-06-12, 10:24:07,  -04:00,       ,   40.6170578,  -74.2403488,    -8.3, 29.73,    11.9,  29.5,   0.00,   0.00,   -1.85,   2.22,  -0.34,   0.01,  -0.00, 356.3, 282.4,  24.5,  24.5,  19.76,  20.32,         ,         ,        ,        ,       ,        ,         ,          ,        ,          ,       ,        ,   -96.9,   0,  GPS,  194.5, 111.70, 111.70, 123.000, 123.000,       ,       ,       ,      ,       ,       ,  -12.4,      0,  NONE,   NONE,      ,      ,   0.0,     3D, 3704,      ,       , 126.5,       
2026-06-12, 10:24:08,  -04:00,       ,   40.6170616,  -74.2403488,    -8.3, 29.73,    11.7,  29.5,   0.00,   0.00,   -1.45,   2.23,  -0.34,   0.01,  -0.00, 356.3, 282.4,  24.5,  24.5,  19.76,  20.32,         ,         ,        ,        ,       ,        ,         ,          ,        ,          ,       ,        ,   -97.0,   0,  GPS,  194.5, 111.70, 111.70, 123.000, 123.000,       ,       ,       ,      ,       ,       ,  -12.4,      0,  NONE,   NONE,      ,      ,   0.0,     3D, 3704,      ,       , 126.0,       
2026-06-12, 10:24:09,  -04:00,       ,   40.6170616,  -74.2403412,    -8.3, 29.73,    11.2,  29.5,   0.00,   0.00,   -1.04,   2.23,  -0.32,   0.01,  -0.00, 356.3, 282.4,  24.4,  24.5,  19.76,  20.32,         ,         ,        ,        ,       ,        ,         ,          ,        ,          ,       ,        ,   -97.5,   0,  GPS,  194.5, 111.70, 111.70, 123.000, 123.000,       ,       ,       ,      ,       ,       ,  -12.4,      0,  NONE,   NONE,      ,      ,   0.0,     3D, 3704,      ,       , 126.0,       
2026-06-12, 10:24:10,  -04:00,       ,   40.6170616,  -74.2403412,    -8.3, 29.73,    13.5,  29.5,   0.00,   0.00,   -0.69,   2.20,  -0.33,   0.01,  -0.00, 356.3, 282.4,  24.4,  24.4,  19.76,  20.32,         ,         ,        ,        ,       ,        ,         ,          ,        ,          ,       ,        ,   -95.2,   0,  GPS,  194.5, 111.70, 111.70, 123.000, 123.000,       ,       ,       ,      ,       ,       ,  -12.4,      0,  NONE,   NONE,      ,      ,   0.0,     3D, 3704,      ,       , 125.5,       
2026-06-12, 10:24:11,  -04:00,       ,   40.6170616,  -74.2403412,    -8.3, 29.73,    12.8,  29.5,   0.00,   0.00,   -0.43,   2.16,  -0.33,   0.01,  -0.00, 356.2, 282.4,  24.5,  24.5,  19.76,  20.32,         ,         ,        ,        ,       ,        ,         ,          ,        ,          ,       ,        ,   -95.9,   0,  GPS,  194.5, 111.70, 111.70, 123.000, 123.000,       ,       ,       ,      ,       ,       ,  -12.4,      0,  NONE,   NONE,      ,      ,   0.0,     3D, 3704,      ,       , 125.5,       
2026-06-12, 10:24:12,  -04:00,       ,   40.6170616,  -74.2403412,    -7.3, 29.73,    12.8,  29.5,   0.00,   0.00,   -0.26,   2.13,  -0.34,   0.01,  -0.00, 356.1, 282.4,  24.5,  24.5,  19.76,  20.32,         ,         ,        ,        ,       ,        ,         ,          ,        ,          ,       ,        ,   -95.9,   0,  GPS,  194.5, 111.70, 111.70, 123.000, 123.000,       ,       ,       ,      ,       ,       ,  -12.4,      0,  NONE,   NONE,      ,      ,   0.0,     3D, 3704,      ,       , 125.5,       
2026-06-12, 10:24:13,  -04:00,       ,   40.6170654,  -74.2403412,    -7.3, 29.73,    13.7,  29.5,   0.00,   0.00,   -0.16,   2.11,  -0.34,   0.01,  -0.00, 356.1, 282.4,  24.5,  24.5,  19.76,  20.32,         ,         ,        ,        ,       ,        ,         ,          ,        ,          ,       ,        ,   -95.0,   0,  GPS,  194.5, 111.70, 111.70, 123.000, 123.000,       ,       ,       ,      ,       ,       ,  -12.4,      0,  NONE,   NONE,      ,      ,   0.0,     3D, 3704,      ,       , 125.0,       
2026-06-12, 10:24:14,  -04:00,       ,   40.6170654,  -74.2403412,    -7.3, 29.73,    14.0,  29.5,   0.00,   0.00,   -0.10,   2.08,  -0.34,   0.01,  -0.00, 356.1, 282.4,  24.4,  24.4,  19.76,  20.32,         ,         ,        ,        ,       ,        ,         ,          ,        ,          ,       ,        ,   -94.8,   0,  GPS,  194.5, 111.70, 111.70, 123.000, 123.000,       ,       ,       ,      ,       ,       ,  -12.4,      0,  NONE,   NONE,      ,      ,   0.0,     3D, 3704,      ,       , 125.0,       
2026-06-12, 10:24:15,  -04:00,       ,   40.6170731,  -74.2403336,    -8.3, 29.73,    12.1,  29.5,   0.00,   0.00,   -0.05,   2.08,  -0.35,   0.01,   0.00, 356.1, 282.4,  24.4,  24.4,  19.76,  20.32,         ,         ,        ,        ,       ,        ,         ,          ,        ,          ,       ,        ,   -96.6,   0,  GPS,  194.5, 111.70, 111.70, 123.000, 123.000,       ,       ,       ,      ,       ,       ,  -12.4,      0,  NONE,   NONE,      ,      ,   0.0,     3D, 3704,      ,       , 125.0,       
2026-06-12, 10:24:16,  -04:00,       ,   40.6170731,  -74.2403336,    -7.3, 29.73,    11.4,  29.5,   0.00,   0.00,   -0.03,   2.05,  -0.36,   0.01,   0.00, 356.0, 282.4,  24.5,  24.5,  19.76,  20.32,         ,         ,        ,        ,       ,        ,         ,          ,        ,          ,       ,        ,   -97.3,   0,  GPS,  194.5, 111.70, 111.70, 123.000, 123.000,       ,       ,       ,      ,       ,       ,  -12.4,      0,  NONE,   NONE,      ,      ,   0.0,     3D, 3704,      ,       , 125.0,       
2026-06-12, 10:24:17,  -04:00,       ,   40.6170731,  -74.2403336,    -7.3, 29.73,    10.8,  29.5,   0.00,   0.00,   -0.02,   2.04,  -0.37,   0.01,   0.00, 356.0, 282.4,  24.5,  24.5,  19.76,  20.32,         ,         ,        ,        ,       ,        ,         ,          ,        ,          ,       ,        ,   -97.9,   0,  GPS,  194.5, 111.70, 111.70, 123.000, 123.000,       ,       ,       ,      ,       ,       ,  -12.4,      0,  NONE,   NONE,      ,      ,   0.0,     3D, 3704,      ,       , 125.0,       
2026-06-12, 10:24:18,  -04:00,       ,   40.6170769,  -74.2403336,    -7.3, 29.73,    10.5,  29.5,   0.00,   0.00,    0.06,   2.02,  -0.36,   0.01,   0.00, 356.0, 282.4,  24.5,  24.5,  19.76,  20.32,         ,         ,        ,        ,       ,        ,         ,          ,        ,          ,       ,        ,   -98.2,   0,  GPS,  194.5, 111.70, 111.70, 123.000, 123.000,       ,       ,       ,      ,       ,       ,  -12.4,      0,  NONE,   NONE,      ,      ,   0.0,     3D, 3704,      ,       , 124.5,       
2026-06-12, 10:24:19,  -04:00,       ,   40.6170769,  -74.2403336,    -7.3, 29.73,     9.5,  29.5,   0.00,   0.00,    1.48,   2.01,  -0.36,   0.01,  -0.00, 356.0, 282.4,  24.4,  24.4,  19.76,  20.32,         ,         ,        ,        ,       ,        ,         ,          ,        ,          ,       ,        ,   -99.2,   0,  GPS,  194.5, 111.70, 111.70, 123.000, 123.000,       ,       ,       ,      ,       ,       ,  -12.4,      0,  NONE,   NONE,      ,      ,   0.0,     3D, 3704,      ,       , 124.5,       
2026-06-12, 10:24:20,  -04:00,       ,   40.6170769,  -74.2403336,    -7.3, 29.73,     8.7,  29.5,   0.00,   0.00,    4.55,   2.00,  -0.36,   0.01,  -0.00, 355.9, 282.4,  24.5,  24.5,  19.76,  20.32,         ,         ,        ,        ,       ,        ,         ,          ,        ,          ,       ,        ,  -100.0,   0,  GPS,  194.5, 111.70, 111.70, 123.000, 123.000,       ,       ,       ,      ,       ,       ,  -12.4,      0,  NONE,   NONE,      ,      ,   0.0,     3D, 3704,      ,       , 124.5,       
2026-06-12, 10:24:21,  -04:00,       ,   40.6170769,  -74.2403336,    -7.3, 29.73,     8.4,  29.5,   0.00,   0.00,    5.45,   1.99,  -0.35,   0.01,  -0.00, 355.9, 282.4,  24.5,  24.5,  19.76,  20.32,         ,         ,        ,        ,       ,        ,         ,          ,        ,          ,       ,        ,  -100.4,   0,  GPS,  194.5, 111.70, 111.70, 123.000, 123.000,       ,       ,       ,      ,       ,       ,  -12.4,      0,  NONE,   NONE,      ,      ,   0.0,     3D, 3704,      ,       , 124.5,       
2026-06-12, 10:24:22,  -04:00,       ,   40.6170769,  -74.2403336,    -7.3, 29.73,     8.4,  29.5,   0.00,   0.00,    4.49,   2.00,  -0.36,   0.01,  -0.00, 355.9, 282.4,  24.5,  24.5,  19.76,  20.32,         ,         ,        ,        ,       ,        ,         ,          ,        ,          ,       ,        ,  -100.4,   0,  GPS,  194.5, 111.70, 111.70, 123.000, 123.000,       ,       ,       ,      ,       ,       ,  -12.4,      0,  NONE,   NONE,      ,      ,   0.0,     3D, 3704,      ,       , 124.5,       
2026-06-12, 10:24:23,  -04:00,       ,   40.6170769,  -74.2403336,    -7.3, 29.73,     8.3,  29.5,   0.00,   0.00,    3.22,   1.99,  -0.36,   0.01,   0.00, 355.9, 282.4,  24.4,  24.4,  19.76,  20.32,         ,         ,        ,        ,       ,        ,         ,          ,        ,          ,       ,        ,  -100.4,   0,  GPS,  194.5, 111.70, 111.70, 123.000, 123.000,       ,       ,       ,      ,       ,       ,  -12.4,      0,  NONE,   NONE,      ,      ,   0.0,     3D, 3704,      ,       , 124.5,       
2026-06-12, 10:24:24,  -04:00,       ,   40.6170769,  -74.2403336,    -7.3, 29.73,     7.6,  29.5,   0.00,   0.00,    2.10,   2.00,  -0.36,   0.01,  -0.00, 355.9, 282.4,  24.4,  24.4,  19.76,  20.32,         ,         ,        ,        ,       ,        ,         ,          ,        ,          ,       ,        ,  -101.1,   0,  GPS,  194.5, 111.70, 111.70, 123.000, 123.000,       ,       ,       ,      ,       ,       ,  -12.4,      0,  NONE,   NONE,      ,      ,   0.0,     3D, 3704,      ,       , 124.5,       
2026-06-12, 10:24:25,  -04:00,       ,   40.6170883,  -74.2403336,    -7.3, 29.73,    -8.4,  29.5,   0.00,   0.00,    1.37,   1.99,  -0.36,   0.01,  -0.00, 355.9, 282.4,  24.5,  24.5,  19.76,  20.32,         ,         ,        ,        ,       ,        ,         ,          ,        ,          ,       ,        ,  -117.2,   0,  GPS,  194.5, 111.70, 111.70, 123.000, 123.000,       ,       ,       ,      ,       ,       ,  -12.4,      0,  NONE,   NONE,      ,      ,   0.0,     3D, 3704,      ,       , 262.0,       
2026-06-12, 10:24:26,  -04:00,       ,   40.6170769,  -74.2403336,    -7.3, 29.73,     5.6,  29.5,   0.00,   0.00,    0.85,   2.13,  -0.44,  -0.00,   0.05, 355.8, 282.4,  24.5,  24.5,  19.76,  20.32,         ,         ,        ,        ,       ,        ,         ,          ,        ,          ,       ,        ,  -103.1,   0,  GPS,  194.5, 111.70, 111.70, 123.000, 123.000,       ,       ,       ,      ,       ,       ,  -12.4,      0,  NONE,   NONE,      ,      ,  -3.9,     3D, 3704,      ,       , 183.0,       
2026-06-12, 10:24:27,  -04:00,       ,   40.6170769,  -74.2403336,    -6.3, 29.73,     3.9,  29.5,   0.00,   0.00,    1.07,   2.05,  -0.41,   0.00,   0.02, 355.9, 282.4,  24.5,  24.5,  19.77,  20.32,         ,         ,        ,        ,       ,        ,         ,          ,        ,          ,       ,        ,  -104.8,   0,  GPS,  194.5, 111.70, 111.70, 123.000, 123.000,       ,       ,       ,      ,       ,       ,  -12.4,      0,  NONE,   NONE,      ,      ,   0.0,     3D, 3704,      ,       , 182.5,       
2026-06-12, 10:24:29,  -04:00,       ,   40.6170769,  -74.2403336,    -6.3, 29.73,     5.5,  29.5,   0.00,   0.00,    1.18,   2.02,  -0.45,   0.01,  -0.00, 355.8, 282.4,  24.7,  24.7,  19.76,  20.31,         ,         ,        ,        ,       ,        ,         ,          ,        ,          ,       ,        ,  -103.2,   0,  GPS,  194.5, 111.70, 111.70, 123.000, 123.000,       ,       ,       ,      ,       ,       ,  -12.4,      0,  NONE,   NONE,      ,      ,   0.0,     3D, 3704,      ,       , 182.5,       
2026-06-12, 10:24:30,  -04:00,       ,   40.6170769,  -74.2403336,    -6.3, 29.73,     5.7,  29.5,   0.00,   0.00,    0.94,   2.03,  -0.45,   0.01,   0.00, 355.8, 282.4,  24.7,  24.7,  19.76,  20.31,         ,         ,        ,        ,       ,        ,         ,          ,        ,          ,       ,        ,  -103.0,   0,  GPS,  194.5, 111.70, 111.70, 123.000, 123.000,       ,       ,       ,      ,       ,       ,  -12.4,      0,  NONE,   NONE,      ,      ,   0.0,     3D, 3704,      ,       , 182.5,       
2026-06-12, 10:24:31,  -04:00,       ,   40.6170731,  -74.2403488,    -6.3, 29.73,    13.0,  29.5,   0.00,   0.00,    0.65,   2.04,  -0.46,   0.01,  -0.00, 355.8, 282.4,  24.7,  24.7,  19.76,  20.31,         ,         ,        ,        ,       ,       